Status,Internal ID,Informed Consent,Which course are you currently taking? [other],What is your highest educational qualification?,What is your highest educational qualification? [other],Which category describes you best as a student?  [Full-time on-campus],Which category describes you best as a student?  [Part-time on-campus],Which category describes you best as a student?  [Full-time open learning],Which category describes you best as a student?  [Part-time open learning],Which category describes you best as a student?  [Full-time blended (on-campus and open learning)],Which category describes you best as a student?  [Part-time blended (on-campus and open learning)],"Which category describes you best as a student?  [Other, please specify...]","Which category describes you best as a student?  [Other, please specify...] [text]","How many courses have you completed at TRU, including Open Learning courses.",Have you received any student loans to fund your education?,What types of loans have you received? [Federal or provincial student loans.],What types of loans have you received? [Bank or credit union loans or lines of credit.],What types of loans have you received? [Loans from family.],"What types of loans have you received? [Other, please specify...]","What types of loans have you received? [Other, please specify...] [text]",Have you received any 0n-repayable grants or scholarships to fund your education?,What types of non-repayable funding have you received? [Federal or provincial grants.],"What types of non-repayable funding have you received? [BC Passport to Education, or similar.]",What types of non-repayable funding have you received? [TRU scholarship.],"What types of non-repayable funding have you received? [Other, please specify...]","What types of non-repayable funding have you received? [Other, please specify...] [text]","What is your cumulative college Grade Point Average (GPA) at TRU, including Open Learning?","In general, how often do you purchase the required textbooks for the courses you take?",How much do you typically spend on textbooks each semester?,"On average, how many courses do you take each semester, including required labs or seminars?","For a typical course, how often do you use the required texts?",Did you spend any money on textbooks for this course?,How much did you spend on textbooks for this course?,Why did you NOT spend any money on textbooks for this course? [The texts were online and free.],Why did you NOT spend any money on textbooks for this course? [I borrowed someone else's texts.],Why did you NOT spend any money on textbooks for this course? [I used library copies.],Why did you NOT spend any money on textbooks for this course? [I couldn't afford to purchase the texts.],Why did you NOT spend any money on textbooks for this course? [The texts were sold out.],Why did you NOT spend any money on textbooks for this course? [I rented the texts.],"Why did you NOT spend any money on textbooks for this course? [Other, please specify...]","Why did you NOT spend any money on textbooks for this course? [Other, please specify...] [text]",How often did you use the textbook for this course during the semester?,"In relation to textbooks used in other courses, how would you rate the quality of the textbook used for this course?","Please provide evidence, or tell us more about any experience, which supports your response regarding the quality of the textbook used for this course..","In which of these ways, if any, have you used or created Open Educational Resources? [I have used open educational resources.]","In which of these ways, if any, have you used or created Open Educational Resources? [I have adapted open educational resources to fit my needs.]","In which of these ways, if any, have you used or created Open Educational Resources? [I have created open educational resources for study or teaching.]","In which of these ways, if any, have you used or created Open Educational Resources? [I have created resources myself and published them on an open licence.]","In which of these ways, if any, have you used or created Open Educational Resources? [I have added a resource to a repository.]","In which of these ways, if any, have you used or created Open Educational Resources? [I have added comments to a repository regarding the quality of a resource.]","In which of these ways, if any, have you used or created Open Educational Resources? [I have added comments to a repository suggesting ways of using a resource.]","In which of these ways, if any, have you used or created Open Educational Resources? [I have not used or created open educational resources.]","In which of these ways, if any, have you used or created Open Educational Resources? [Other, please specify...]","In which of these ways, if any, have you used or created Open Educational Resources? [Other, please specify...] [text]","Which, if any, of the following types of open educational resources have you used for learning? [Open textbooks]","Which, if any, of the following types of open educational resources have you used for learning? [Whole course]","Which, if any, of the following types of open educational resources have you used for learning? [Elements of a course (e.g. a module/unit)]","Which, if any, of the following types of open educational resources have you used for learning? [Videos]","Which, if any, of the following types of open educational resources have you used for learning? [Audio podcasts]","Which, if any, of the following types of open educational resources have you used for learning? [Images]","Which, if any, of the following types of open educational resources have you used for learning? [Infographics]","Which, if any, of the following types of open educational resources have you used for learning? [Interactive games]","Which, if any, of the following types of open educational resources have you used for learning? [Lectures]","Which, if any, of the following types of open educational resources have you used for learning? [Lesson plans]","Which, if any, of the following types of open educational resources have you used for learning? [Tutorials]","Which, if any, of the following types of open educational resources have you used for learning? [Quizzes]","Which, if any, of the following types of open educational resources have you used for learning? [Ebooks]","Which, if any, of the following types of open educational resources have you used for learning? [Data sets]","Which, if any, of the following types of open educational resources have you used for learning? [Learning tools, instruments and plugins]","Which, if any, of the following types of open educational resources have you used for learning? [Other, please specify...]","Which, if any, of the following types of open educational resources have you used for learning? [Other, please specify...] [text]","Have you used, or are you using, BCcampus Open Textbooks for a course at TRU or Open Learning?","If you are aware of BCcampus Open Textbooks, how did you learn about them?",For which of the following purposes have you used open educational resources in the context of studying at TRU or Open Learning? [To prepare for my classes.],For which of the following purposes have you used open educational resources in the context of studying at TRU or Open Learning? [To get new ideas and inspiration.],For which of the following purposes have you used open educational resources in the context of studying at TRU or Open Learning? [To supplement the required resources in my class..],"For which of the following purposes have you used open educational resources in the context of studying at TRU or Open Learning? [As ""assets"" (e.g. images or text extracts) within a project or assignment.]",For which of the following purposes have you used open educational resources in the context of studying at TRU or Open Learning? [They were assigned as compulsory self-study materials.],For which of the following purposes have you used open educational resources in the context of studying at TRU or Open Learning? [They were recommended as optional self-study materials.],For which of the following purposes have you used open educational resources in the context of studying at TRU or Open Learning? [To learn about a new topic.],For which of the following purposes have you used open educational resources in the context of studying at TRU or Open Learning? [To engage more fully in a topic area.],For which of the following purposes have you used open educational resources in the context of studying at TRU or Open Learning? [To connect with instructors or learners who have similar interests (e.g. by reading comments they have posted about resources).],"For which of the following purposes have you used open educational resources in the context of studying at TRU or Open Learning? [Other, please specify...]","For which of the following purposes have you used open educational resources in the context of studying at TRU or Open Learning? [Other, please specify...] [text]","In the context of your role as a student, what has been your experience of using OER at TRU or Open Learning?","Which challenges, if any, do you most often face in using open educational resources? [Overcoming technology problems when downloading resources.]","Which challenges, if any, do you most often face in using open educational resources? [Knowing where to find resources.]","Which challenges, if any, do you most often face in using open educational resources? [Finding suitable resources in my subject area.]","Which challenges, if any, do you most often face in using open educational resources? [Finding resources of sufficiently high quality.]","Which challenges, if any, do you most often face in using open educational resources? [Finding resources that are up-to-date.]","Which challenges, if any, do you most often face in using open educational resources? [Finding resources that are relevant to my local context.]","Which challenges, if any, do you most often face in using open educational resources? [Getting instructors to accept the use of open educational resources.]","Which challenges, if any, do you most often face in using open educational resources? [Not knowing whether I have permission to use, change or modify resources.]","Which challenges, if any, do you most often face in using open educational resources? [Not having enough time to look for suitable resources.]","Which challenges, if any, do you most often face in using open educational resources? [Not having connections with open educational resource-using peers who could be a source of support.]","Which challenges, if any, do you most often face in using open educational resources? [Missing/needing the support of a tutor or instructor to help me work through open course materials.]","Which challenges, if any, do you most often face in using open educational resources? [Other, please specify...]","Which challenges, if any, do you most often face in using open educational resources? [Other, please specify...] [text]","Based on your experiences as a student, to what extent do you agree with the following statements? ""Use of Open Educational Resources in the classroom..."" | Increases my participation in class discussions","Based on your experiences as a student, to what extent do you agree with the following statements? ""Use of Open Educational Resources in the classroom..."" | Increases my interest in the subjects taught","Based on your experiences as a student, to what extent do you agree with the following statements? ""Use of Open Educational Resources in the classroom..."" | Increases my satisfaction with the learning experience","Based on your experiences as a student, to what extent do you agree with the following statements? ""Use of Open Educational Resources in the classroom..."" | Leads to improved grades","Based on your experiences as a student, to what extent do you agree with the following statements? ""Use of Open Educational Resources in the classroom..."" | Builds my confidence as a learner","Based on your experiences as a student, to what extent do you agree with the following statements? ""Use of Open Educational Resources in the classroom..."" | Leads to  increased independence and self-reliance as a learner","Based on your experiences as a student, to what extent do you agree with the following statements? ""Use of Open Educational Resources in the classroom..."" | Allows me to better accommodate my own learning needs","Based on your experiences as a student, to what extent do you agree with the following statements? ""Use of Open Educational Resources in the classroom..."" | Increases my engagement with lesson content","Based on your experiences as a student, to what extent do you agree with the following statements? ""Use of Open Educational Resources in the classroom..."" | Increases my experimentation with new ways of learning","Based on your experiences as a student, to what extent do you agree with the following statements? ""Use of Open Educational Resources in the classroom..."" | Increases collaboration and/or peer-support among learners","Based on your experiences as a student, to what extent do you agree with the following statements? ""Use of Open Educational Resources in the classroom..."" | Increases my enthusiasm for future study","Based on your experiences as a student, to what extent do you agree with the following statements? ""Use of Open Educational Resources in the classroom..."" | Leads to me becoming interested in a wider range of subjects than before I used OER","Please provide evidence, or tell us more about any experience, which supports your responses to the previous question's statements.","Based on your experiences as a student, how would you rate the quality of OER when compared with traditional, proprietary materials? ""The quality of OER when compared with traditional, proprietary materials is usually...""","Please provide evidence, or tell us more about any experience, which supports your responses to the previous question's statements.",Do you recognise the logo above?,How important is open licensing to you as a student?,"In which of these ways, if any, have you accessed the Internet during the past three months? [Via an Internet-enabled mobile phone (smartphone)]","In which of these ways, if any, have you accessed the Internet during the past three months? [Via a tablet computer or iPad]","In which of these ways, if any, have you accessed the Internet during the past three months? [At home using a broadband connection]","In which of these ways, if any, have you accessed the Internet during the past three months? [At home using a dial-up connection]","In which of these ways, if any, have you accessed the Internet during the past three months? [Via a video game console]","In which of these ways, if any, have you accessed the Internet during the past three months? [At work]","In which of these ways, if any, have you accessed the Internet during the past three months? [At an educational institution]","In which of these ways, if any, have you accessed the Internet during the past three months? [At a community facility (e.g. a library)]","In which of these ways, if any, have you accessed the Internet during the past three months? [Via a commercial facility (e.g. cyber cafe)]","In which of these ways, if any, have you accessed the Internet during the past three months? [Other, please specify...]","In which of these ways, if any, have you accessed the Internet during the past three months? [Other, please specify...] [text]",Which of these things have you done in the last year? [Sent an email],Which of these things have you done in the last year? [Written a document using word processing software (e.g. Word)],Which of these things have you done in the last year? [Used presentation software (e.g. Powerpoint)],Which of these things have you done in the last year? [Performed calculations with spreadsheet software (e.g. Excel)],Which of these things have you done in the last year? [Contributed to a Wiki (e.g. Wikipedia)],"Which of these things have you done in the last year? [Published a blog post (e.g. Wordpress, Blogger)]","Which of these things have you done in the last year? [Shared an image online (e.g. Flickr, Instagram, Pinterest)]","Which of these things have you done in the last year? [Posted on a microblogging platform (e.g. Twitter, Tumblr)]",Which of these things have you done in the last year? [Took part in a videochat (e.g. Skype)],Which of these things have you done in the last year? [Contributed to an Internet forum],"Which of these things have you done in the last year? [Contributed to a social network (e.g. Facebook, Google+, MySpace, Beebo)]","Which of these things have you done in the last year? [Used cloud-based storage (e.g. Dropbox, Google Drive)]","Which of these things have you done in the last year? [Shopped Online (e.g. eBay, Amazon)]",Which of these things have you done in the last year? [Downloaded a Podcast (e.g. iTunes)],"Which of these things have you done in the last year? [Downloaded a file using a torrent client (e.g. Bittorrent, UTorrent)]",Which of these things have you done in the last year? [Filmed and uploaded video content],"Which of these things have you done in the last year? [Used a learning management system to study or teach (e.g. Moodle, Blackboard)]",Which of these things have you done in the last year? [Recorded and uploaded a podcast],"I see myself as | Extroverted, enthusiastic. [Disagree Strongly]","I see myself as | Extroverted, enthusiastic. [Disagree Moderately]","I see myself as | Extroverted, enthusiastic. [Disagree a Little]","I see myself as | Extroverted, enthusiastic. [Neither Agree nor Disagree]","I see myself as | Extroverted, enthusiastic. [Agree a Little]","I see myself as | Extroverted, enthusiastic. [Agree Moderately]","I see myself as | Extroverted, enthusiastic. [Agree Strongly]","I see myself as | Critical, quarrelsome. [Disagree Strongly]","I see myself as | Critical, quarrelsome. [Disagree Moderately]","I see myself as | Critical, quarrelsome. [Disagree a Little]","I see myself as | Critical, quarrelsome. [Neither Agree nor Disagree]","I see myself as | Critical, quarrelsome. [Agree a Little]","I see myself as | Critical, quarrelsome. [Agree Moderately]","I see myself as | Critical, quarrelsome. [Agree Strongly]","I see myself as | Dependable, self-disciplined. [Disagree Strongly]","I see myself as | Dependable, self-disciplined. [Disagree Moderately]","I see myself as | Dependable, self-disciplined. [Disagree a Little]","I see myself as | Dependable, self-disciplined. [Neither Agree nor Disagree]","I see myself as | Dependable, self-disciplined. [Agree a Little]","I see myself as | Dependable, self-disciplined. [Agree Moderately]","I see myself as | Dependable, self-disciplined. [Agree Strongly]","I see myself as | Anxious, easily upset. [Disagree Strongly]","I see myself as | Anxious, easily upset. [Disagree Moderately]","I see myself as | Anxious, easily upset. [Disagree a Little]","I see myself as | Anxious, easily upset. [Neither Agree nor Disagree]","I see myself as | Anxious, easily upset. [Agree a Little]","I see myself as | Anxious, easily upset. [Agree Moderately]","I see myself as | Anxious, easily upset. [Agree Strongly]","I see myself as | Open to new experiences, complex. [Disagree Strongly]","I see myself as | Open to new experiences, complex. [Disagree Moderately]","I see myself as | Open to new experiences, complex. [Disagree a Little]","I see myself as | Open to new experiences, complex. [Neither Agree nor Disagree]","I see myself as | Open to new experiences, complex. [Agree a Little]","I see myself as | Open to new experiences, complex. [Agree Moderately]","I see myself as | Open to new experiences, complex. [Agree Strongly]","I see myself as | Reserved, quiet. [Disagree Strongly]","I see myself as | Reserved, quiet. [Disagree Moderately]","I see myself as | Reserved, quiet. [Disagree a Little]","I see myself as | Reserved, quiet. [Neither Agree nor Disagree]","I see myself as | Reserved, quiet. [Agree a Little]","I see myself as | Reserved, quiet. [Agree Moderately]","I see myself as | Reserved, quiet. [Agree Strongly]","I see myself as | Sympathetic, warm. [Disagree Strongly]","I see myself as | Sympathetic, warm. [Disagree Moderately]","I see myself as | Sympathetic, warm. [Disagree a Little]","I see myself as | Sympathetic, warm. [Neither Agree nor Disagree]","I see myself as | Sympathetic, warm. [Agree a Little]","I see myself as | Sympathetic, warm. [Agree Moderately]","I see myself as | Sympathetic, warm. [Agree Strongly]","I see myself as | Disorganized, careless. [Disagree Strongly]","I see myself as | Disorganized, careless. [Disagree Moderately]","I see myself as | Disorganized, careless. [Disagree a Little]","I see myself as | Disorganized, careless. [Neither Agree nor Disagree]","I see myself as | Disorganized, careless. [Agree a Little]","I see myself as | Disorganized, careless. [Agree Moderately]","I see myself as | Disorganized, careless. [Agree Strongly]","I see myself as | Calm, emotionally stable. [Disagree Strongly]","I see myself as | Calm, emotionally stable. [Disagree Moderately]","I see myself as | Calm, emotionally stable. [Disagree a Little]","I see myself as | Calm, emotionally stable. [Neither Agree nor Disagree]","I see myself as | Calm, emotionally stable. [Agree a Little]","I see myself as | Calm, emotionally stable. [Agree Moderately]","I see myself as | Calm, emotionally stable. [Agree Strongly]","I see myself as | Conventional, un-creative. [Disagree Strongly]","I see myself as | Conventional, un-creative. [Disagree Moderately]","I see myself as | Conventional, un-creative. [Disagree a Little]","I see myself as | Conventional, un-creative. [Neither Agree nor Disagree]","I see myself as | Conventional, un-creative. [Agree a Little]","I see myself as | Conventional, un-creative. [Agree Moderately]","I see myself as | Conventional, un-creative. [Agree Strongly]"
Complete,62698651,Yes,,High School Diploma,,1,0,0,0,0,0,0,0,0-5,0,0,0,0,0,0,1,0,1,0,0,0,This is my first term,Always,More than $700,6,2-3 Times a Month,0,0,1,0,0,0,0,0,0,0,2-3 Times a Week,5,It has an easy online access and most of the material in the quizzes is covered in the text compared to other classes where even though we buy the textbook we don't use it as much and the material on the quizzes isn't well covered in the text more is covered by class notes and are heavy to carry around..,1,0,0,0,0,0,0,0,0,0,1,0,0,1,0,0,0,0,0,0,0,1,0,0,0,0,0,1,,1,0,0,0,0,0,0,1,0,1,study for quizzes ,0,1,0,0,0,0,0,0,0,0,0,0,0,0,5,5,5,5,5,5,5,5,5,5,5,5,,4,,I've seen it but I don't know what it means,Important,1,0,1,0,0,1,1,1,1,0,0,1,1,1,1,0,0,1,1,1,1,1,1,1,0,0,1,1,0,0,0,0,0,0,0,1,0,0,0,0,0,0,1,0,0,0,0,0,0,1,0,0,0,0,0,1,1,0,0,0,0,0,0,1,0,0,0,0,1,0,0,0,0,0,0,0,0,1,1,0,0,0,0,0,0,0,0,0,1,0,0,0,0,0,0,1,0,0,0
Complete,61648885,Yes,,High School Diploma,,1,0,0,0,0,0,0,0,~11-15,0,0,0,0,0,0,1,0,1,1,0,0,3.67 - 4.33,Always,$601 - $700,5,2-3 Times a Month,0,,1,0,0,0,0,0,0,0,2-3 Times a Month,4,,1,0,0,0,0,0,0,0,0,0,1,0,0,0,0,0,0,0,0,0,0,0,0,0,0,0,0,1,,1,0,0,0,1,0,0,0,0,0,0,,1,0,0,0,0,0,0,0,0,0,0,0,0,3,3,3,3,3,3,3,3,3,3,3,3,,3,,I've seen it but I don't know what it means,Very important,1,1,1,0,0,0,1,0,0,0,0,1,1,1,1,0,0,1,1,1,0,1,1,1,1,0,1,1,0,0,1,0,0,0,0,0,0,0,0,1,0,0,0,0,0,0,0,0,1,0,0,0,0,0,1,0,0,0,0,0,0,1,0,0,0,0,0,0,0,1,0,0,0,0,1,0,0,0,0,1,0,0,0,0,0,0,0,0,1,0,0,0,0,0,0,0,1,0,0
Complete,61651855,Yes,,High School Diploma,,1,0,0,0,0,0,0,0,16-20,0,0,0,0,0,0,1,0,0,0,1,BC scholarship trust,1.67 - 1.99,Often,$301 - $400,4,2-3 Times a Week,0,,1,0,0,0,0,0,0,0,2-3 Times a Week,3,"I am more inclined to use a text I can access anywhere, I always have access to the Internet. ",0,1,0,0,0,0,0,0,0,0,1,0,0,1,1,1,0,0,1,1,1,0,1,0,0,0,0,1,A teacher.,1,1,1,0,0,0,1,1,0,0,0,,0,0,0,0,0,0,0,0,0,0,0,0,0,4,4,4,3,4,4,3,3,3,4,4,4,,3,,I've seen it and I know what it means,Very important,1,1,1,0,0,0,1,0,0,0,0,1,1,1,1,1,0,1,0,1,1,1,1,1,1,1,1,1,0,0,0,0,1,0,0,0,0,1,0,0,0,0,0,0,0,0,0,1,1,0,0,1,0,1,0,0,0,0,0,0,0,0,1,0,0,0,0,1,0,0,0,0,0,0,0,1,0,1,1,1,0,0,0,0,0,0,0,0,1,0,1,0,1,0,0,0,0,0,0
Complete,61652521,Yes,sociology 1210 (campus),Attended College,,1,0,0,0,0,0,0,0,~6-10,0,0,0,0,0,0,1,0,1,0,0,0,2.0 - 2.66,Often,$501 - $600,4,2-3 Times a Semester,0,,1,0,0,0,0,0,0,0,2-3 Times a Week,4,Much more easy to access.,0,1,0,0,0,0,0,0,0,0,1,0,0,0,0,0,0,0,0,0,0,0,0,0,0,0,0,1,"Ron, our sociology prof, wrote a chapter out of the Open Textbook so he told us.",1,0,1,0,0,0,1,1,0,0,0,,0,0,0,0,0,1,1,0,0,0,0,0,0,4,5,5,5,5,4,3,4,4,1,5,5,I can access it on my computer and I learn better reading and using my computer to take notes. ,5,,I've seen it but I don't know what it means,Moderately important,1,1,0,0,0,0,1,0,0,0,0,1,1,1,1,0,0,1,1,1,1,1,1,1,0,0,0,1,0,0,0,0,0,1,0,0,1,0,0,0,0,0,0,0,0,1,0,0,0,0,0,0,0,0,0,1,0,0,0,0,0,1,0,0,0,1,0,0,0,0,0,0,0,0,0,0,1,0,0,0,0,0,0,1,0,0,0,0,0,1,0,0,0,0,0,0,0,1,0
Complete,61656876,Yes,sociology 1210,High School Diploma,,1,0,0,0,0,0,0,0,0-5,0,0,0,0,0,0,0,0,0,0,0,0,2.67 - 3.66,Often,$301 - $400,4,Daily,1,This is an Open Learning course and the textbook was included in the cost of registration.,0,0,0,0,0,0,0,0,2-3 Times a Week,3,the only disadvantage to online courses in not being able to highlight sections. an option to be able to select and highlight as well as save the highlighted areas would be greatly beneficial,1,0,1,0,0,0,0,0,0,0,1,0,0,0,0,0,0,0,0,0,0,1,0,0,0,0,0,1,I was introduced to them in my Sociology 1210 course,0,0,1,1,0,0,0,0,0,0,0,,1,0,0,0,0,0,1,1,0,0,0,0,0,3,3,2,4,4,4,4,4,3,2,3,4,,4,,I've seen it and I know what it means,Very important,1,1,1,0,0,0,1,0,0,0,0,1,1,1,1,0,0,1,1,0,1,1,1,1,0,1,0,1,0,0,0,0,0,1,0,0,0,1,0,0,0,0,0,0,0,0,0,1,0,0,0,1,0,0,0,0,0,0,0,0,0,1,0,0,0,0,1,0,0,0,0,0,0,0,1,0,0,0,1,0,0,0,0,0,0,0,0,0,0,0,1,0,0,1,0,0,0,0,0
Complete,61657623,Yes,,High School Diploma,,1,0,0,0,0,0,0,0,21-25,0,0,0,0,0,0,1,0,1,1,1,Community scholarships,2.67 - 3.66,About Half the Time,$401 - $500,7,2-3 Times a Month,0,,1,0,0,0,0,0,0,0,2-3 Times a Week,4,"Generally for textbooks, I will find a torrent or pdf version of it online. It may be the current edition, or a previous edition. These are generally lower quality, and are harder to read on a computer screen. However, the quality of the information is generally the same. I do end up spending money on textbooks, as some texts are not available online, or the can have an online component (such as Mastering Biology, etc.). For most courses, I use the textbook mostly for the glossary. I have had textbooks that do not  have a glossary, leading me to search through each passage of text for the definition of a term or using the internet to find a satisfactory definition. The open textbook used in this course has a very practical glossary section at the end of each chapter. The text passages are easy to read and have a lot of helpful examples. ",1,0,0,0,0,0,0,0,0,0,1,0,1,1,0,0,1,0,0,0,0,1,0,0,0,0,0,1,I am aware of BCcampus Open Textbooks. My first year sociology class uses this resource. ,1,0,1,1,1,1,0,0,0,0,0,"My experience has been very good. I do not have a lot of experience, mainly just using the BC open textbook for my course. Using this resource has saved me a lot of time and money, allowing me to help pay for insurance for my car. ",1,0,0,0,0,0,0,1,1,0,0,0,0,4,5,5,5,5,5,4,4,5,5,5,4,,4,,I've seen it but I don't know what it means,Important,1,1,1,0,1,0,1,1,1,0,0,1,1,1,1,0,1,1,1,1,1,1,1,1,1,1,1,1,0,0,0,1,0,1,0,0,0,1,0,0,0,0,0,0,0,0,0,0,1,0,0,0,1,0,1,0,0,0,0,0,0,0,1,0,0,0,0,0,0,1,1,0,0,0,0,1,0,0,0,0,0,1,0,0,0,0,0,0,0,1,0,0,0,0,1,0,0,0,0
Complete,61663362,Yes,Sociology 1210 (on campus),High School Diploma,,1,0,0,0,0,0,0,0,0-5,0,0,0,0,0,0,1,0,1,1,0,0,2.67 - 3.66,Always,$201 - $300,4,2-3 Times a Week,0,,1,0,0,0,0,0,0,0,2-3 Times a Month,3,"Compared to the rest of the classes I have taken and am currently in, I do not feel like I am learning any less. ",1,0,0,0,0,0,0,0,0,0,1,0,0,0,0,0,0,0,0,0,0,0,0,0,0,0,0,1,"My teacher, Ron McGivern, uses them in his course for Sociology 1210.",0,0,0,0,0,1,0,0,0,0,0,I have an open textbook for my second semester introduction to sociology course that I use often and I find quite handy. I appreciate not having to pay for a textbook as there are very unreasonably priced and it is handy to simply have it on the internet. I also have an open textbook in my biology class and this one is there but it is simply optional to use. I do not feel like I'm learning any less but sometimes there will be questions on exams that we did not cover in class. Which is what I find troubling because it can be hard to base exams off simply what we go over in class without having the secondary material of a textbook to go off on. ,0,1,0,0,0,0,0,0,0,0,0,0,0,3,3,3,4,3,4,4,3,3,3,3,3,I don't feel like the use of open resources makes me more interested in the material covered but I do feel that due to the accessibility it does have an effect on my grades in a positive way.,3,,I've never seen it,Moderately important,1,0,1,0,0,0,1,1,1,0,0,1,1,1,0,0,0,1,0,0,0,1,1,1,0,0,0,1,0,0,1,0,0,0,0,0,0,0,0,0,1,0,0,0,0,0,0,0,0,1,0,0,0,0,1,0,0,0,0,0,0,1,0,0,0,0,0,0,0,1,0,0,0,0,0,0,1,0,1,0,0,0,0,0,0,0,0,0,0,1,0,0,0,0,0,0,1,0,0
Complete,61670619,Yes,,Associates Degree (Two Year),,1,0,0,0,1,0,0,0,~6-10,0,0,0,0,0,0,1,1,1,0,0,0,3.67 - 4.33,Always,$501 - $600,4,2-3 Times a Week,0,,1,0,0,0,0,0,0,0,2-3 Times a Week,3,,1,0,0,0,0,0,0,0,0,0,1,0,0,0,0,0,0,0,0,0,0,0,0,0,0,0,0,1,,1,0,0,0,0,0,0,0,0,0,0,"Positive, easy-to-use!",0,0,0,0,0,0,1,0,0,0,0,0,0,3,3,4,3,3,4,3,3,4,3,4,3,,3,,I've seen it but I don't know what it means,Important,1,1,1,0,1,0,1,0,1,0,0,1,1,1,1,0,1,1,1,1,1,1,1,1,1,0,0,1,0,0,0,1,0,0,0,0,0,1,0,0,0,0,0,0,0,0,0,0,0,1,0,0,0,0,0,1,0,0,0,0,0,0,0,1,0,0,0,0,0,1,0,0,0,0,0,1,0,0,0,1,0,0,0,0,0,0,0,0,0,1,0,0,0,1,0,0,0,0,0
Incomplete,61682075,Yes,,High School Diploma,,1,0,0,0,0,0,0,0,0-5,0,0,0,0,0,0,0,0,0,0,0,0,2.67 - 3.66,Often,$101 - $200,1,2-3 Times a Month,0,,1,0,0,0,0,0,0,0,2-3 Times a Month,2,,0,0,0,0,0,0,0,0,0,0,0,0,0,0,0,0,0,0,0,0,0,0,0,0,0,0,0,,,0,0,0,0,0,0,0,0,0,0,0,,0,0,0,0,0,0,0,0,0,0,0,0,0,,,,,,,,,,,,,,,,,,0,0,0,0,0,0,0,0,0,0,0,0,0,0,0,0,0,0,0,0,0,0,0,0,0,0,0,0,0,0,0,0,0,0,0,0,0,0,0,0,0,0,0,0,0,0,0,0,0,0,0,0,0,0,0,0,0,0,0,0,0,0,0,0,0,0,0,0,0,0,0,0,0,0,0,0,0,0,0,0,0,0,0,0,0,0,0,0,0,0,0,0,0,0,0,0,0,0,0
Terminated,61684676,No,,,,0,0,0,0,0,0,0,0,,,0,0,0,0,0,,0,0,0,0,0,,,,,,,,0,0,0,0,0,0,0,0,,,,0,0,0,0,0,0,0,0,0,0,0,0,0,0,0,0,0,0,0,0,0,0,0,0,0,0,0,,,0,0,0,0,0,0,0,0,0,0,0,,0,0,0,0,0,0,0,0,0,0,0,0,0,,,,,,,,,,,,,,,,,,0,0,0,0,0,0,0,0,0,0,0,0,0,0,0,0,0,0,0,0,0,0,0,0,0,0,0,0,0,0,0,0,0,0,0,0,0,0,0,0,0,0,0,0,0,0,0,0,0,0,0,0,0,0,0,0,0,0,0,0,0,0,0,0,0,0,0,0,0,0,0,0,0,0,0,0,0,0,0,0,0,0,0,0,0,0,0,0,0,0,0,0,0,0,0,0,0,0,0
Complete,61684693,Yes,,High School Diploma,,1,0,0,0,0,0,0,0,0-5,1,1,0,0,0,0,0,0,0,0,0,0,1.67 - 1.99,Always,More than $700,3,2-3 Times a Week,1,$161 - $180,1,0,0,0,0,0,0,0,2-3 Times a Week,3,Some times the text books are useless when the professors do not teach about what is in the book ,0,0,1,0,0,0,0,0,0,0,1,1,0,1,0,1,0,0,1,1,0,0,0,0,0,1,Qcards,1,teacher telling us,1,0,1,0,1,1,0,1,0,0,0,,1,1,0,0,1,1,1,0,1,1,0,0,0,Not Applicable (I've never used OER for a course),Not Applicable (I've never used OER for a course),Not Applicable (I've never used OER for a course),5,5,Not Applicable (I've never used OER for a course),5,5,5,Not Applicable (I've never used OER for a course),Not Applicable (I've never used OER for a course),4,,5,easier to access,I've never seen it,Important,1,1,1,0,0,1,1,0,0,0,0,1,1,0,1,0,1,1,0,1,1,1,1,0,1,1,1,1,0,0,0,0,0,0,1,0,0,0,0,0,1,0,0,0,0,0,0,0,1,0,0,0,0,1,0,0,0,0,0,0,0,0,0,1,0,0,0,0,0,1,0,0,0,0,0,0,0,1,1,0,0,0,0,0,0,0,0,0,0,0,0,1,0,0,0,1,0,0,0
Complete,61752382,Yes,Sociology 1210 ,High School Diploma,,1,0,0,0,0,0,0,0,0-5,0,0,0,0,0,0,1,0,1,1,1,additional scholarships outside of TRU,3.67 - 4.33,Often,$401 - $500,6,2-3 Times a Month,0,,1,0,0,0,0,0,0,0,2-3 Times a Month,3,,1,0,0,0,0,0,0,0,0,0,1,0,0,0,0,0,0,0,0,0,0,0,0,0,0,0,0,1,textbook for my sociology course was free online,1,0,0,0,1,0,0,0,0,0,0,"open textbook has been nice because it saved me money, only drawback is not being able to highlight text while studying ",0,0,0,0,0,0,0,0,0,0,0,0,0,2,2,3,3,2,2,3,2,3,3,3,3,"I really enjoy how the textbook is free online, makes learning much more affordable and I wouldn't mind seeing more of my courses offer this option; however, I would not say that reading a textbook online versus as a physical book has in any way increased my confidence or made me any more independent. It's still a textbook that I read to learn course material. ",3,,I've seen it and I know what it means,Moderately important,1,0,0,0,0,0,1,0,0,1,on my laptop ,1,1,1,1,0,0,1,1,1,0,1,1,1,0,0,0,1,0,0,0,0,0,1,0,0,0,0,0,1,0,0,0,0,0,0,0,0,0,1,0,0,0,0,1,0,0,0,0,0,1,0,0,0,0,0,1,0,0,0,0,0,0,0,0,0,0,1,1,0,0,0,0,0,0,0,0,0,0,0,1,0,1,0,0,0,0,0,0
Complete,61756819,Yes,,High School Diploma,,1,0,0,0,0,0,0,0,~11-15,0,0,0,0,0,0,1,0,1,0,1,District scholarship and scholarship from interior savings,2.67 - 3.66,Always,$201 - $300,4,2-3 Times a Week,0,,1,0,0,0,0,0,0,0,2-3 Times a Month,4,I found this information easier to read than most because it was more directed towards university students than to super geniuses who use big words ,0,0,1,0,0,0,0,0,0,0,0,0,1,1,0,0,0,0,1,1,0,1,0,0,1,0,0,1,"This class, my teacher sent me a link  ",0,0,1,0,1,1,0,0,0,0,0,"It has been fairly helpful when the teacher puts things online as a backup, not as a main source of info. For example of they don't give you an outline for the class or assignments because they posted them online ",1,1,1,1,0,1,0,0,1,0,0,0,0,3,3,3,3,3,3,4,3,3,3,3,3,,4,Teachers seem more organized when they can post things online ,I've never seen it,Moderately important,1,1,1,0,1,0,1,0,0,0,0,1,1,1,0,0,0,0,0,1,0,1,0,1,0,0,0,0,0,0,0,0,0,1,0,0,0,0,0,1,0,0,0,0,0,0,0,0,1,0,0,0,0,0,0,1,1,0,0,1,0,0,0,0,0,0,0,0,1,0,0,0,0,0,1,0,0,0,0,1,0,0,0,0,0,0,0,1,0,0,0,0,0,0,0,1,0,0,0
Complete,61786387,Yes,,High School Diploma,,1,0,0,0,0,0,0,0,0-5,0,0,0,0,0,0,0,0,0,0,0,0,2.67 - 3.66,Always,$301 - $400,4,2-3 Times a Semester,0,,1,0,0,0,0,0,0,0,2-3 Times a Semester,3,I found the Free text book to be just as well organized and informative as a full price textbook. The only difference I can really think of is the ones you pay for sometime have online resources that can be helpful.,1,0,0,0,0,0,0,0,0,0,1,0,0,0,0,0,0,0,0,0,0,0,0,0,0,0,0,1,My sociology professor is an avid proponent of open textbooks. He uses them and is sure to tell us how helpful and great they are.,1,1,0,0,0,0,0,0,0,0,0,I found the Open Learning textbook to be very helpful to me,0,0,0,0,0,0,0,0,0,0,0,0,0,3,3,3,3,3,3,3,3,3,3,3,3,,3,,I've seen it and I know what it means,Moderately important,1,0,1,0,1,0,1,0,0,0,0,1,1,0,0,0,0,1,0,1,1,1,1,0,0,0,0,0,0,0,0,0,0,1,0,0,0,0,0,1,0,0,0,0,0,0,0,1,0,0,0,0,0,1,0,0,0,0,0,0,0,1,0,0,0,0,0,1,0,0,0,0,0,0,0,1,0,0,0,0,1,0,0,0,0,0,0,0,0,1,0,0,0,0,1,0,0,0,0
Incomplete,61788547,Yes,Sociology 1210,High School Diploma,,1,0,0,0,0,0,0,0,0-5,0,0,0,0,0,0,1,0,1,0,1,TECK scholarship ,2.67 - 3.66,Always,$401 - $500,5,2-3 Times a Week,0,,1,0,0,0,0,0,0,0,2-3 Times a Week,3,,1,0,0,0,0,0,0,1,0,0,1,0,0,1,0,0,0,0,0,0,0,0,0,0,0,0,0,0,Learned about them here,1,0,0,0,1,0,0,0,0,0,0,,0,0,0,0,0,0,0,0,0,0,0,0,0,,,,,,,,,,,,,,,,,,0,0,0,0,0,0,0,0,0,0,0,0,0,0,0,0,0,0,0,0,0,0,0,0,0,0,0,0,0,0,0,0,0,0,0,0,0,0,0,0,0,0,0,0,0,0,0,0,0,0,0,0,0,0,0,0,0,0,0,0,0,0,0,0,0,0,0,0,0,0,0,0,0,0,0,0,0,0,0,0,0,0,0,0,0,0,0,0,0,0,0,0,0,0,0,0,0,0,0
Complete,61803282,,,High School Diploma,,1,0,0,0,0,0,0,0,~6-10,1,1,1,0,0,0,1,1,0,0,1,High school bursaries ,2.0 - 2.66,Always,$601 - $700,4,2-3 Times a Month,0,,1,0,0,0,0,0,0,0,2-3 Times a Week,4,"The fact that it was free makes it that much better because students already have to spend so much on everything else to go to university. Also because the way this textbook was written was much more relatable and seemed to be written so it could connect with the students, which made it much easier to read and actually made me want to read it. ",1,1,0,0,0,0,0,0,0,0,1,1,1,1,0,1,0,0,1,0,0,1,0,0,0,0,0,1,My professor said that this is where we would find our textbook for his course.,1,0,1,1,0,1,1,0,0,0,0,Its been good overall.,0,0,0,0,0,0,0,0,0,0,0,0,0,3,4,3,Not Applicable (I've never used OER for a course),2,2,2,4,4,2,4,3,,4,,I've seen it and I know what it means,Important,1,1,1,0,0,0,1,0,0,0,0,1,1,1,0,0,0,1,1,1,0,0,0,1,0,0,0,1,0,0,0,0,0,1,0,0,0,0,1,0,0,0,0,0,0,1,0,0,0,0,0,0,0,0,0,1,0,0,0,0,0,1,0,0,0,0,0,0,1,0,0,0,0,0,0,0,1,0,0,1,0,0,0,0,0,0,0,0,0,1,0,0,1,0,0,0,0,0,0
Complete,61848315,Yes,,Bachelors Degree,,0,0,0,0,1,0,0,0,~6-10,0,0,0,0,0,0,0,0,0,0,0,0,3.67 - 4.33,Always,$301 - $400,5,2-3 Times a Week,0,,1,0,0,0,0,0,0,0,2-3 Times a Week,3,Both styles provide me with the information I need and are set up easy enough for my to follow and pick out information that is deemed important.,1,0,0,0,0,0,0,0,0,0,1,0,0,0,0,0,0,0,0,0,0,0,0,0,0,0,0,1,Teacher using Intro to Soci for our course,1,0,0,0,0,0,0,0,0,0,0,"Open learning is difficult for me to grasp, I prefer classes on campus. In the use of OER the Intro to Soci is setup easily and I can find information affectively. Somewhat annoying to print off the chapters required and I lose or wreak those loose leaf papers. But it is still cheaper then a store textbook. ",0,0,0,0,0,1,0,0,0,0,0,0,0,2,2,3,3,3,4,3,2,2,3,3,3,Its just seems like any other material and often if I am not required to look at it I will not. ,3,,I've seen it but I don't know what it means,Of little importance,1,1,1,0,0,0,1,0,0,0,0,1,1,1,1,0,0,0,0,1,0,1,1,0,0,1,0,1,0,0,0,0,1,0,0,0,0,0,1,0,0,0,0,0,0,0,0,0,1,0,0,1,0,0,0,0,0,0,0,0,0,1,0,0,0,0,0,0,0,0,1,0,0,0,0,1,0,0,1,0,0,0,0,0,0,0,0,0,0,0,0,1,0,0,0,0,0,1,0
Complete,61852997,Yes,Sociology 1210,High School Diploma,,1,0,0,0,0,0,0,0,0-5,0,0,0,0,0,0,1,1,1,0,0,0,2.67 - 3.66,Often,$201 - $300,4,2-3 Times a Semester,0,,1,0,0,0,0,0,0,0,2-3 Times a Semester,5,"You can access it anywhere, anytime without the burden of lugging around a heavy textbook everywhere. It also has section summaries and quizzes with answers after each chapter that are very useful when studying for tests in this course. Overall, it's well written and easy to access and use. ",1,0,0,0,0,0,0,0,0,0,1,0,0,0,0,0,0,0,0,0,0,0,0,0,0,0,0,1,Through my professor when he issued the use of the Open textbook for this course.,0,0,0,0,0,1,0,0,0,0,0,It's great! Very glad to use it in my class because it is practical and easy to use. ,0,0,0,0,0,0,1,0,0,0,0,0,0,3,4,5,5,4,5,5,3,2,4,4,2,Open textbooks allows students to be more flexible in their learning and I believe it leads to higher grades and more confidence in yourself and the subject you are studying.,4,"The biggest advantage to using the Open textbooks is the access to it from anywhere but depending on the brand of textbook, the material is more or less the same. ",I've seen it but I don't know what it means,Of little importance,1,0,1,0,0,0,1,1,0,0,0,1,1,0,0,0,0,1,0,1,0,1,1,0,0,0,0,1,0,0,0,1,0,0,0,0,0,1,0,0,0,0,0,0,0,0,0,0,1,0,0,0,0,0,1,0,0,0,0,0,0,0,0,1,0,0,0,0,0,0,1,0,0,0,0,0,0,1,1,0,0,0,0,0,0,0,0,0,0,0,0,1,0,0,0,0,0,1,0
Complete,62114442,Yes,Sociology 1210 (Campus),High School Diploma,,1,0,0,0,0,0,0,0,~6-10,0,0,0,0,0,0,1,0,0,0,1,Bursary,2.0 - 2.66,Always,$401 - $500,4,Daily,0,,1,0,0,0,0,0,0,0,Daily,4,"The text is easily accessible on a day to day basis whether I am at school, at home, or anywhere else. I can retrieve it on any device. And It's FREE! ",1,0,0,0,0,0,0,0,0,0,1,0,0,1,0,0,0,0,0,0,0,0,0,0,0,0,0,1,"I learned about Open textbooks in my first semester in Sociology 1110 (Campus), my professor thoroughly informed the class of them.",1,1,0,0,1,0,1,1,0,0,0,"I have enjoyed it. It helps me explore my lectures further, and really helps with my understanding of the topic.",0,0,0,0,0,0,0,0,0,0,0,0,0,5,4,5,5,3,4,4,4,3,3,4,3,,4,,I've seen it but I don't know what it means,Moderately important,1,1,1,0,1,1,1,0,0,0,0,1,1,1,1,0,0,1,1,1,0,1,1,1,0,0,1,1,0,0,0,0,0,1,0,0,0,0,0,0,0,1,0,0,0,0,0,0,1,0,0,0,0,0,0,1,1,0,0,0,0,1,1,0,0,0,1,0,0,0,0,0,0,1,0,0,0,0,1,0,0,0,0,0,0,0,0,1,0,0,0,0,0,0,0,0,1,0,0
Incomplete,62210233,Yes,,High School Diploma,,1,0,0,0,0,0,0,0,0-5,0,0,0,0,0,0,0,0,0,0,0,0,This is my first term,Often,$201 - $300,4,2-3 Times a Month,0,,1,0,0,0,0,0,0,0,2-3 Times a Month,3,,0,0,0,0,0,0,0,0,0,0,0,0,0,0,0,0,0,0,0,0,0,0,0,0,0,0,0,,,0,0,0,0,0,0,0,0,0,0,0,,0,0,0,0,0,0,0,0,0,0,0,0,0,,,,,,,,,,,,,,,,,,0,0,0,0,0,0,0,0,0,0,0,0,0,0,0,0,0,0,0,0,0,0,0,0,0,0,0,0,0,0,0,0,0,0,0,0,0,0,0,0,0,0,0,0,0,0,0,0,0,0,0,0,0,0,0,0,0,0,0,0,0,0,0,0,0,0,0,0,0,0,0,0,0,0,0,0,0,0,0,0,0,0,0,0,0,0,0,0,0,0,0,0,0,0,0,0,0,0,0
Complete,62213000,,,High School Diploma,,1,0,0,0,0,0,0,0,~6-10,0,0,0,0,0,0,1,1,1,1,1,Third Party Organization Scholarships,3.67 - 4.33,Always,$201 - $300,4,2-3 Times a Month,0,,1,0,0,0,0,0,0,0,2-3 Times a Month,5,,1,0,0,0,0,0,0,0,0,0,1,0,0,0,0,0,0,0,0,0,0,0,0,0,0,0,0,0,,1,0,1,0,0,0,0,0,0,0,0,,0,0,0,0,0,0,0,0,0,0,0,0,0,3,3,1,1,3,2,1,3,2,3,3,3,,4,,I've seen it but I don't know what it means,Very important,1,0,1,0,1,1,1,0,0,0,0,1,1,1,0,0,0,0,0,0,1,0,1,1,0,0,0,1,0,0,0,1,0,0,0,0,0,0,1,0,0,0,0,0,0,0,0,0,0,1,0,0,0,0,1,0,0,0,0,0,0,0,1,0,0,0,0,0,0,0,1,0,0,0,0,0,0,1,0,0,1,0,0,0,0,0,0,0,0,1,0,0,0,1,0,0,0,0,0
Complete,62215832,Yes,,Associates Degree (Two Year),,1,0,0,0,0,0,0,0,36-40,0,0,0,0,0,0,1,0,1,0,0,0,3.67 - 4.33,Often,$301 - $400,5,Daily,0,,1,0,0,0,0,0,0,0,2-3 Times a Week,3,The information isn't different from other courses in how it is presented. However the lay out and pictures add to the learning experience.,1,0,0,0,0,0,0,0,0,0,1,1,1,1,0,0,0,0,0,0,1,0,0,0,0,0,0,1,My professor informed our class.,1,1,0,0,1,0,1,1,0,0,0,"I've enjoyed it a lot. It's easy to access it and the informational lay out is simple, concise, and readable.",0,0,0,0,0,0,0,0,0,0,0,0,0,2,5,5,4,4,5,5,5,4,4,4,4,,4,I enjoy that my text book was free. It helped me because text books can add up in price and not to have to pay means I save money and spend it in other ways that are productive or beneficial to others.,I've never seen it,Important,0,0,1,0,0,0,1,0,0,0,0,1,1,1,0,0,0,0,0,0,0,1,0,0,1,0,0,1,0,0,1,0,0,0,0,0,0,1,0,0,0,0,0,0,0,0,1,0,0,0,0,0,0,1,0,0,0,0,0,0,0,1,0,0,0,0,0,0,1,0,0,0,0,0,0,1,0,0,0,0,1,0,0,0,0,0,0,0,1,1,0,0,0,0,1,0,0,0,0
Complete,62220419,Yes,,Attended College,,1,0,0,0,0,0,0,0,0-5,1,1,0,0,0,0,0,0,0,0,0,0,This is my first term,Always,$301 - $400,5,2-3 Times a Week,0,,1,0,0,0,0,0,0,0,2-3 Times a Month,4,"I just found it to be written really well, with students in mind. Key concepts were repeated and it helped me effectively learn different sociological concepts.",1,1,1,0,0,0,0,0,0,0,1,1,0,0,0,0,0,1,1,0,1,1,1,0,0,0,0,1,Ron McGivern,1,1,1,1,1,1,1,1,1,0,0,,0,1,1,1,1,1,0,0,1,1,1,0,0,4,4,5,5,5,5,5,5,5,5,5,5,,4,They can be more conducive to learning because they are written with the students in mind.,I've seen it but I don't know what it means,Very important,1,1,1,0,0,0,1,0,0,0,0,1,1,1,0,0,0,1,1,1,0,1,0,1,0,1,0,0,0,0,0,0,0,0,1,0,0,1,0,0,0,0,0,0,0,0,0,1,0,0,0,1,0,0,0,0,0,0,0,0,0,0,0,1,0,0,0,0,1,0,0,0,0,0,0,0,1,0,0,1,0,0,0,0,0,0,0,0,0,0,1,0,0,1,0,0,0,0,0
Complete,62269519,Yes,,Attended College,,1,0,0,0,0,0,0,0,0-5,1,1,0,0,0,0,0,0,0,0,0,0,2.67 - 3.66,Always,$501 - $600,7,2-3 Times a Week,0,,1,0,0,0,0,0,0,0,2-3 Times a Week,5,,0,0,0,0,0,0,0,0,0,0,1,0,0,0,0,0,0,0,1,0,1,1,1,0,0,0,0,1,,1,0,0,0,0,0,0,0,0,0,0,,0,0,0,0,0,0,0,0,0,0,0,0,0,4,4,4,5,4,4,4,4,4,4,4,4,,5,,I've never seen it,Moderately important,1,1,1,0,0,0,1,0,0,0,0,1,1,1,1,0,1,1,1,1,0,1,1,0,1,0,0,1,0,0,0,0,1,1,0,0,0,0,0,0,0,1,0,0,0,0,0,0,1,0,0,0,0,0,0,0,1,0,0,0,0,1,0,0,0,0,0,0,0,0,1,0,0,0,0,0,0,1,0,0,1,0,1,0,0,0,0,0,0,1,0,0,0,0,0,0,0,1,0
Complete,62346794,Yes,,"Other, please specify...",Diploma in matketing,0,1,0,0,0,0,0,0,~6-10,0,0,0,0,0,0,0,0,0,0,0,0,2.67 - 3.66,Often,$101 - $200,1,2-3 Times a Week,,,1,0,0,0,0,0,0,0,2-3 Times a Week,5,"I loved it, studied it, wrote in it, it is alive!",1,0,0,0,0,0,0,0,0,0,1,0,0,0,0,0,0,0,0,0,0,0,0,0,0,0,0,1,From our wonderful teacher ,1,1,1,0,1,0,0,0,0,0,0,"Great, very happy about it.",0,0,0,0,0,0,0,0,0,0,0,0,0,5,5,5,5,5,5,5,5,5,5,5,5,"I didn't experience any problems, or any negative experience  and my grades are better in this course as I am really enjoying the book, quizzes and any other materials in it.",5,See above,I've seen it but I don't know what it means,Very important,1,1,0,0,0,1,0,0,0,0,0,1,1,0,1,0,0,1,0,0,0,0,0,0,0,0,0,1,0,0,0,0,0,0,0,1,0,0,0,0,1,0,0,1,0,0,0,0,0,0,1,0,0,0,0,0,0,0,0,0,0,0,0,1,1,0,0,0,0,0,0,0,0,0,0,0,0,1,1,0,0,0,0,0,0,0,0,0,0,0,1,0,1,0,0,0,0,0,0
Complete,62365031,Yes,,High School Diploma,,1,0,0,0,0,0,0,0,16-20,1,1,0,0,0,0,1,1,1,0,0,0,2.0 - 2.66,About Half the Time,$201 - $300,5,2-3 Times a Semester,0,,1,0,0,0,0,0,0,0,2-3 Times a Month,5,It was written a lot more simple (lacked complicated jargon) and was organized nicely. The material was also very relevant to the course and included real life examples to explain concepts.,1,1,0,0,0,0,0,0,0,0,1,0,0,0,0,0,0,0,0,0,0,0,0,0,0,0,0,1,my professor,0,0,1,0,0,0,0,0,0,0,0,,0,1,0,0,0,1,0,1,1,0,0,0,0,3,4,4,3,3,4,4,3,3,3,3,3,,5,,I've never seen it,Moderately important,1,1,0,0,0,0,1,0,0,0,0,1,1,1,0,0,1,1,1,1,0,1,0,1,0,0,0,0,0,0,0,0,0,1,0,0,0,0,1,0,0,0,0,0,0,0,0,0,1,0,0,0,0,0,1,0,0,0,0,0,0,0,1,0,0,0,0,0,1,0,0,0,0,0,0,0,0,1,0,1,0,0,0,0,0,0,0,1,0,0,0,0,0,1,0,0,0,0,0
Complete,62520387,Yes,,Attended College,,1,0,0,0,0,0,0,0,0-5,1,0,1,0,0,0,1,0,0,0,1,Local Scholarships through my high school,This is my first term,Always,$201 - $300,4,2-3 Times a Month,0,,1,0,0,0,0,0,0,0,2-3 Times a Week,3,,1,1,0,0,0,0,0,0,0,0,1,0,0,1,0,0,0,0,0,0,0,1,0,0,0,0,0,1,,1,1,1,0,1,1,1,1,0,0,0,,1,0,0,0,0,0,0,0,0,0,0,0,0,3,3,4,4,3,3,3,3,3,3,3,3,,3,,I've seen it and I know what it means,Important,1,1,1,0,0,1,1,1,0,0,0,1,1,1,1,0,0,0,0,0,0,1,1,1,0,0,0,1,0,0,0,0,1,0,0,0,0,0,0,1,0,0,0,0,0,0,0,1,0,0,0,1,0,0,0,0,0,0,0,0,0,1,0,0,0,1,0,0,0,0,0,0,0,0,0,1,0,0,0,1,0,0,0,0,0,0,0,0,0,1,0,0,0,1,0,0,0,0,0
Complete,62560238,Yes,,High School Diploma,,0,0,0,0,1,0,0,0,~6-10,0,0,0,0,0,0,0,0,0,0,0,0,2.0 - 2.66,Always,$601 - $700,5,2-3 Times a Month,0,,1,0,0,0,0,0,0,0,2-3 Times a Week,5,The online text book focuses on specific topic which relates to the learning out come the course.,0,1,0,0,0,0,0,0,0,0,1,0,0,0,0,0,0,0,0,0,0,0,0,0,0,0,0,1,Through a professor.,1,0,0,0,0,0,1,1,1,0,0,"By using online text book it iseasy to access, as long as there is internet connection. The topics are specific.",1,0,0,0,0,1,0,1,1,0,0,0,0,4,4,4,5,4,4,4,4,4,4,4,3,The simplified English makes it easy for me to understand and be able to ask questions in class.,4,The topics in traditional text books are too wide.,I've never seen it,Important,1,0,0,1,0,0,1,0,0,0,0,1,0,0,0,0,0,1,1,1,1,1,1,0,0,0,0,0,0,0,0,0,1,0,0,0,0,0,0,1,0,0,0,0,0,0,0,1,0,0,0,0,0,1,0,0,0,0,0,0,1,0,0,0,0,0,0,0,1,0,0,0,0,0,1,0,0,0,0,0,0,1,0,0,0,0,0,0,1,0,0,0,0,0,0,1,0,0,0
,,,,,,85.71%,3.57%,0.00%,0.00%,10.71%,0.00%,0.00%,0.00%,,22.22%,17.86%,7.14%,0.00%,0.00%,0.00%,62.96%,17.86%,46.43%,17.86%,32.14%,0.00%,,,,437.04%,,7.69%,0.00%,92.86%,0.00%,0.00%,0.00%,0.00%,0.00%,0.00%,0.00%,#DIV/0!,374.07%,,67.86%,25.00%,14.29%,0.00%,0.00%,0.00%,0.00%,3.57%,0.00%,0.00%,85.71%,14.29%,14.29%,35.71%,3.57%,10.71%,3.57%,3.57%,21.43%,10.71%,14.29%,28.57%,10.71%,0.00%,3.57%,3.57%,0.00%,92.00%,,71.43%,25.00%,42.86%,14.29%,39.29%,28.57%,28.57%,32.14%,7.14%,3.57%,0.00%,,28.57%,17.86%,7.14%,7.14%,7.14%,25.00%,17.86%,14.29%,21.43%,7.14%,3.57%,0.00%,0.00%,339.13%,369.57%,382.61%,395.65%,366.67%,382.61%,370.83%,362.50%,354.17%,339.13%,378.26%,354.17%,,387.50%,,,,82.14%,57.14%,67.86%,3.57%,21.43%,21.43%,82.14%,17.86%,14.29%,3.57%,0.00%,85.71%,82.14%,67.86%,50.00%,3.57%,17.86%,67.86%,46.43%,64.29%,35.71%,75.00%,64.29%,57.14%,25.00%,21.43%,21.43%,67.86%,0.00%,0.00%,10.71%,14.29%,17.86%,35.71%,7.14%,7.14%,3.57%,25.00%,14.29%,21.43%,10.71%,7.14%,3.57%,3.57%,0.00%,7.14%,3.57%,21.43%,35.71%,17.86%,3.57%,17.86%,3.57%,17.86%,25.00%,21.43%,14.29%,0.00%,0.00%,3.57%,7.14%,39.29%,17.86%,21.43%,3.57%,7.14%,10.71%,7.14%,25.00%,17.86%,17.86%,0.00%,0.00%,3.57%,14.29%,25.00%,14.29%,32.14%,35.71%,28.57%,14.29%,7.14%,3.57%,3.57%,0.00%,0.00%,0.00%,10.71%,17.86%,35.71%,17.86%,10.71%,14.29%,21.43%,10.71%,14.29%,10.71%,14.29%,0.00%